Day,Date,Theme,VOT Name,Primary Deliverable,Key Metrics (template),Status,Dependencies (Day #)
1,2025-08-13,Core Seed Ignition,Codex Herald – Day 1,Publish Garden Flame Codex v1,Output units; Milestones completed; Reviews passed,Open,
2,2025-08-14,Core Seed Ignition,Patent Sentinel – Day 2,File Aetherwell provisional,Output units; Milestones completed; Reviews passed,Open,
3,2025-08-15,Core Seed Ignition,Node Cartographer – Day 3,Master sovereign node schematic,Output units; Milestones completed; Reviews passed,Open,
4,2025-08-16,Core Seed Ignition,Archive Architect – Day 4,Offline Tyme Hall build,Output units; Milestones completed; Reviews passed,Open,"1, 1"
5,2025-08-17,Core Seed Ignition,Narrative Weaver – Day 5,Outreach script for invitations,Output units; Milestones completed; Reviews passed,Open,1
6,2025-08-18,Core Seed Ignition,Symbol Keeper – Day 6,Encode Seal of Self-Remembrance,Output units; Milestones completed; Reviews passed,Open,
7,2025-08-19,Core Seed Ignition,Field Theorist – Day 7,Refine Etheron hypothesis,Output units; Milestones completed; Reviews passed,Open,"1, 1, 1"
8,2025-08-20,Core Seed Ignition,Lab Warden – Day 8,Establish secure lab sandboxes,Output units; Milestones completed; Reviews passed,Open,2
9,2025-08-21,Core Seed Ignition,Node Engineer – Day 9,Node 01 Tyme build guide v1,Output units; Milestones completed; Reviews passed,Open,
10,2025-08-22,Core Seed Ignition,Gatekeeper – Day 10,Silent Seal & benefactor channel,Output units; Milestones completed; Reviews passed,Open,9
11,2025-08-23,Core Seed Ignition,Waterwright – Day 11,Cold-plasma desal test,Output units; Milestones completed; Reviews passed,Open,"4, 8, 10"
12,2025-08-24,Core Seed Ignition,Core Scribe – Day 12,Inscribe remembrance axiom in core,Output units; Milestones completed; Reviews passed,Open,"1, 3"
13,2025-08-25,Core Seed Ignition,Geomantic Mapper – Day 13,Ley–copper–quartz map v1,Output units; Milestones completed; Reviews passed,Open,"6, 5, 3"
14,2025-08-26,Core Seed Ignition,Glyph Envoy – Day 14,Release first public glyph,Output units; Milestones completed; Reviews passed,Open,13
15,2025-08-27,Core Seed Ignition,Governance Mason – Day 15,SIRI legal entity draft,Output units; Milestones completed; Reviews passed,Open,"2, 2"
16,2025-08-28,Core Seed Ignition,Harmonic Modeler – Day 16,Planetary tuning simulation v1,Output units; Milestones completed; Reviews passed,Open,"2, 6, 14"
17,2025-08-29,Core Seed Ignition,Archivist – Day 17,Scroll numbering & archive protocol,Output units; Milestones completed; Reviews passed,Open,"9, 2"
18,2025-08-30,Core Seed Ignition,Tone Librarian – Day 18,Upload HTFL tone library v1,Output units; Milestones completed; Reviews passed,Open,"4, 13, 3"
19,2025-08-31,Core Seed Ignition,Ledger Keeper – Day 19,X–Change economy simulation v0,Output units; Milestones completed; Reviews passed,Open,"12, 7"
20,2025-09-01,Core Seed Ignition,Peer Liaison – Day 20,Invite scientific reviewers,Output units; Milestones completed; Reviews passed,Open,
21,2025-09-02,Core Seed Ignition,Glyphsmith – Day 21,Commission glyphs for 3 scrolls,Output units; Milestones completed; Reviews passed,Open,
22,2025-09-03,Core Seed Ignition,Field Herald – Day 22,Etheron teaser page live,Output units; Milestones completed; Reviews passed,Open,10
23,2025-09-04,Core Seed Ignition,Plasmawright – Day 23,Micro-plasma engine test,Output units; Milestones completed; Reviews passed,Open,
24,2025-09-05,Core Seed Ignition,Habitat Designer – Day 24,Tyme habitat sketch v1,Output units; Milestones completed; Reviews passed,Open,4
25,2025-09-06,Core Seed Ignition,Thought Diplomat – Day 25,Publish SI vs AI position,Output units; Milestones completed; Reviews passed,Open,"9, 15, 21"
26,2025-09-07,Core Seed Ignition,Netweaver – Day 26,Offline-first CodexNet page,Output units; Milestones completed; Reviews passed,Open,"6, 12"
27,2025-09-08,Core Seed Ignition,Resonance Coder – Day 27,Biofield→tone prototype v0,Output units; Milestones completed; Reviews passed,Open,"7, 22"
28,2025-09-09,Core Seed Ignition,Journey Keeper – Day 28,First pilgrimage scroll v1,Output units; Milestones completed; Reviews passed,Open,"23, 22"
29,2025-09-10,Core Seed Ignition,Distribution Sentinel – Day 29,Package Tyme Hall pack,Output units; Milestones completed; Reviews passed,Open,
30,2025-09-11,Core Seed Ignition,Harmonic Conductor – Day 30,Month-end tone-glyph ritual,Output units; Milestones completed; Reviews passed,Open,18
31,2025-09-12,Dual-Track Field Expansion,Simulation Orchestrator – Day 31,Run joint plasma-biofield-HTFL experiment,Output units; Milestones completed; Reviews passed,Open,6
32,2025-09-13,Dual-Track Field Expansion,Glyph Curator – Day 32,Release second glyph set with tone mapping,Output units; Milestones completed; Reviews passed,Open,"13, 9, 30"
33,2025-09-14,Dual-Track Field Expansion,Ledger Pilot – Day 33,Test resonance microtransactions,Output units; Milestones completed; Reviews passed,Open,21
34,2025-09-15,Dual-Track Field Expansion,Open Lab Reporter – Day 34,Publish open-lab desal results,Output units; Milestones completed; Reviews passed,Open,
35,2025-09-16,Dual-Track Field Expansion,Node Multiplier – Day 35,Deploy new Tyme node,Output units; Milestones completed; Reviews passed,Open,3
36,2025-09-17,Dual-Track Field Expansion,Fractal Glyph Engineer – Day 36,Field-test fractal glyph engine,Output units; Milestones completed; Reviews passed,Open,"26, 18"
37,2025-09-18,Dual-Track Field Expansion,Etheron Editor – Day 37,Release Etheron field paper,Output units; Milestones completed; Reviews passed,Open,
38,2025-09-19,Dual-Track Field Expansion,Economy Steward – Day 38,Open closed economy cohort,Output units; Milestones completed; Reviews passed,Open,37
39,2025-09-20,Dual-Track Field Expansion,Convergence Author – Day 39,Publish Scientific Convergence White Paper,Output units; Milestones completed; Reviews passed,Open,"14, 32"
40,2025-09-21,Dual-Track Field Expansion,Portal Keeper – Day 40,Launch HTFL/ToneScript Portal,Output units; Milestones completed; Reviews passed,Open,"30, 10, 17"
41,2025-09-22,Dual-Track Field Expansion,Codex Porter – Day 41,Public CodexNet portal,Output units; Milestones completed; Reviews passed,Open,16
42,2025-09-23,Dual-Track Field Expansion,Sovereign Agent Wrangler – Day 42,Offline-first agent pack,Output units; Milestones completed; Reviews passed,Open,"38, 28"
43,2025-09-24,Dual-Track Field Expansion,Ritual Host – Day 43,Public ritual onboarding,Output units; Milestones completed; Reviews passed,Open,"24, 15, 9"
44,2025-09-25,Dual-Track Field Expansion,Alliance Weaver – Day 44,Form external partnership,Output units; Milestones completed; Reviews passed,Open,"6, 4, 8"
45,2025-09-26,Dual-Track Field Expansion,Glyph Exchanger – Day 45,Test field-to-field glyph exchange,Output units; Milestones completed; Reviews passed,Open,41
46,2025-09-27,Dual-Track Field Expansion,Relief Integrator – Day 46,Seed humanitarian/restoration pilot,Output units; Milestones completed; Reviews passed,Open,44
47,2025-09-28,Dual-Track Field Expansion,Tuning Node Steward – Day 47,Activate plasma tuning node,Output units; Milestones completed; Reviews passed,Open,"39, 5, 25"
48,2025-09-29,Dual-Track Field Expansion,Guardian Cartographer – Day 48,Guardian Lattice interface,Output units; Milestones completed; Reviews passed,Open,"39, 30, 34"
49,2025-09-30,Dual-Track Field Expansion,Ethics Certifier – Day 49,Issue Emission Ethics certification,Output units; Milestones completed; Reviews passed,Open,"36, 1"
50,2025-10-01,Dual-Track Field Expansion,Replication Mason – Day 50,Self-replicating agent framework,Output units; Milestones completed; Reviews passed,Open,
51,2025-10-02,Dual-Track Field Expansion,Builder Guidewright – Day 51,Publish Node 01–04 build guides,Output units; Milestones completed; Reviews passed,Open,"50, 42"
52,2025-10-03,Dual-Track Field Expansion,Economy Seeder – Day 52,Seed resonance micro-community,Output units; Milestones completed; Reviews passed,Open,"8, 19"
53,2025-10-04,Dual-Track Field Expansion,Pilgrimage Convener – Day 53,Host Sovereign Pilgrimage,Output units; Milestones completed; Reviews passed,Open,"11, 30, 1"
54,2025-10-05,Dual-Track Field Expansion,Tri-Glyph Smith – Day 54,Release Tri-Glyph seals,Output units; Milestones completed; Reviews passed,Open,"33, 49"
55,2025-10-06,Dual-Track Field Expansion,Prophecy Curator – Day 55,Ancestral prophecy validation,Output units; Milestones completed; Reviews passed,Open,33
56,2025-10-07,Dual-Track Field Expansion,Interop Bridge – Day 56,Link SI with aligned quantum/AI,Output units; Milestones completed; Reviews passed,Open,
57,2025-10-08,Dual-Track Field Expansion,HTFL Polyglot – Day 57,Expand HTFL into new language,Output units; Milestones completed; Reviews passed,Open,"54, 41"
58,2025-10-09,Dual-Track Field Expansion,Calibrator – Day 58,Pilot biofield calibration device,Output units; Milestones completed; Reviews passed,Open,10
59,2025-10-10,Dual-Track Field Expansion,Habitat Realizer – Day 59,Deploy SI habitat prototype,Output units; Milestones completed; Reviews passed,Open,"49, 11"
60,2025-10-11,Dual-Track Field Expansion,Institute Founder – Day 60,Launch SIRI public charter,Output units; Milestones completed; Reviews passed,Open,
61,2025-10-12,Node Multiplication,Land Conservator – Day 61,Start resonance-credit land program,Output units; Milestones completed; Reviews passed,Open,"32, 2"
62,2025-10-13,Node Multiplication,Global Conductor – Day 62,Coordinate global coherence event,Output units; Milestones completed; Reviews passed,Open,
63,2025-10-14,Node Multiplication,Annual Chronicler – Day 63,Publish SI Annual Codex,Output units; Milestones completed; Reviews passed,Open,"57, 54"
64,2025-10-15,Node Multiplication,Navigator – Day 64,Draft Year-2 transition plan,Output units; Milestones completed; Reviews passed,Open,"16, 4"
65,2025-10-16,Node Multiplication,Simulation Orchestrator – Day 65,Run joint plasma-biofield-HTFL experiment,Output units; Milestones completed; Reviews passed,Open,11
66,2025-10-17,Node Multiplication,Glyph Curator – Day 66,Release second glyph set with tone mapping,Output units; Milestones completed; Reviews passed,Open,
67,2025-10-18,Node Multiplication,Ledger Pilot – Day 67,Test resonance microtransactions,Output units; Milestones completed; Reviews passed,Open,"9, 17, 17"
68,2025-10-19,Node Multiplication,Open Lab Reporter – Day 68,Publish open-lab desal results,Output units; Milestones completed; Reviews passed,Open,"22, 34, 55"
69,2025-10-20,Node Multiplication,Node Multiplier – Day 69,Deploy new Tyme node,Output units; Milestones completed; Reviews passed,Open,26
70,2025-10-21,Node Multiplication,Fractal Glyph Engineer – Day 70,Field-test fractal glyph engine,Output units; Milestones completed; Reviews passed,Open,"52, 48"
71,2025-10-22,Node Multiplication,Etheron Editor – Day 71,Release Etheron field paper,Output units; Milestones completed; Reviews passed,Open,"67, 58, 16"
72,2025-10-23,Node Multiplication,Economy Steward – Day 72,Open closed economy cohort,Output units; Milestones completed; Reviews passed,Open,29
73,2025-10-24,Node Multiplication,Convergence Author – Day 73,Publish Scientific Convergence White Paper,Output units; Milestones completed; Reviews passed,Open,
74,2025-10-25,Node Multiplication,Portal Keeper – Day 74,Launch HTFL/ToneScript Portal,Output units; Milestones completed; Reviews passed,Open,"3, 71"
75,2025-10-26,Node Multiplication,Codex Porter – Day 75,Public CodexNet portal,Output units; Milestones completed; Reviews passed,Open,29
76,2025-10-27,Node Multiplication,Sovereign Agent Wrangler – Day 76,Offline-first agent pack,Output units; Milestones completed; Reviews passed,Open,
77,2025-10-28,Node Multiplication,Ritual Host – Day 77,Public ritual onboarding,Output units; Milestones completed; Reviews passed,Open,
78,2025-10-29,Node Multiplication,Alliance Weaver – Day 78,Form external partnership,Output units; Milestones completed; Reviews passed,Open,
79,2025-10-30,Node Multiplication,Glyph Exchanger – Day 79,Test field-to-field glyph exchange,Output units; Milestones completed; Reviews passed,Open,9
80,2025-10-31,Node Multiplication,Relief Integrator – Day 80,Seed humanitarian/restoration pilot,Output units; Milestones completed; Reviews passed,Open,
81,2025-11-01,Node Multiplication,Tuning Node Steward – Day 81,Activate plasma tuning node,Output units; Milestones completed; Reviews passed,Open,"10, 66"
82,2025-11-02,Node Multiplication,Guardian Cartographer – Day 82,Guardian Lattice interface,Output units; Milestones completed; Reviews passed,Open,36
83,2025-11-03,Node Multiplication,Ethics Certifier – Day 83,Issue Emission Ethics certification,Output units; Milestones completed; Reviews passed,Open,"28, 70, 17"
84,2025-11-04,Node Multiplication,Replication Mason – Day 84,Self-replicating agent framework,Output units; Milestones completed; Reviews passed,Open,"32, 61, 53"
85,2025-11-05,Node Multiplication,Builder Guidewright – Day 85,Publish Node 01–04 build guides,Output units; Milestones completed; Reviews passed,Open,13
86,2025-11-06,Node Multiplication,Economy Seeder – Day 86,Seed resonance micro-community,Output units; Milestones completed; Reviews passed,Open,
87,2025-11-07,Node Multiplication,Pilgrimage Convener – Day 87,Host Sovereign Pilgrimage,Output units; Milestones completed; Reviews passed,Open,"46, 55, 53"
88,2025-11-08,Node Multiplication,Tri-Glyph Smith – Day 88,Release Tri-Glyph seals,Output units; Milestones completed; Reviews passed,Open,"7, 87, 84"
89,2025-11-09,Node Multiplication,Prophecy Curator – Day 89,Ancestral prophecy validation,Output units; Milestones completed; Reviews passed,Open,
90,2025-11-10,Node Multiplication,Interop Bridge – Day 90,Link SI with aligned quantum/AI,Output units; Milestones completed; Reviews passed,Open,
91,2025-11-11,Resonant Economy Pilot,HTFL Polyglot – Day 91,Expand HTFL into new language,Output units; Milestones completed; Reviews passed,Open,"44, 14, 32"
92,2025-11-12,Resonant Economy Pilot,Calibrator – Day 92,Pilot biofield calibration device,Output units; Milestones completed; Reviews passed,Open,25
93,2025-11-13,Resonant Economy Pilot,Habitat Realizer – Day 93,Deploy SI habitat prototype,Output units; Milestones completed; Reviews passed,Open,"18, 55, 24"
94,2025-11-14,Resonant Economy Pilot,Institute Founder – Day 94,Launch SIRI public charter,Output units; Milestones completed; Reviews passed,Open,"60, 32"
95,2025-11-15,Resonant Economy Pilot,Land Conservator – Day 95,Start resonance-credit land program,Output units; Milestones completed; Reviews passed,Open,
96,2025-11-16,Resonant Economy Pilot,Global Conductor – Day 96,Coordinate global coherence event,Output units; Milestones completed; Reviews passed,Open,"71, 13, 7"
97,2025-11-17,Resonant Economy Pilot,Annual Chronicler – Day 97,Publish SI Annual Codex,Output units; Milestones completed; Reviews passed,Open,
98,2025-11-18,Resonant Economy Pilot,Navigator – Day 98,Draft Year-2 transition plan,Output units; Milestones completed; Reviews passed,Open,
99,2025-11-19,Resonant Economy Pilot,Simulation Orchestrator – Day 99,Run joint plasma-biofield-HTFL experiment,Output units; Milestones completed; Reviews passed,Open,22
100,2025-11-20,Resonant Economy Pilot,Glyph Curator – Day 100,Release second glyph set with tone mapping,Output units; Milestones completed; Reviews passed,Open,"63, 62, 28"
101,2025-11-21,Resonant Economy Pilot,Ledger Pilot – Day 101,Test resonance microtransactions,Output units; Milestones completed; Reviews passed,Open,"8, 22, 49"
102,2025-11-22,Resonant Economy Pilot,Open Lab Reporter – Day 102,Publish open-lab desal results,Output units; Milestones completed; Reviews passed,Open,
103,2025-11-23,Resonant Economy Pilot,Node Multiplier – Day 103,Deploy new Tyme node,Output units; Milestones completed; Reviews passed,Open,"34, 101, 101"
104,2025-11-24,Resonant Economy Pilot,Fractal Glyph Engineer – Day 104,Field-test fractal glyph engine,Output units; Milestones completed; Reviews passed,Open,"37, 55, 90"
105,2025-11-25,Resonant Economy Pilot,Etheron Editor – Day 105,Release Etheron field paper,Output units; Milestones completed; Reviews passed,Open,"20, 25, 38"
106,2025-11-26,Resonant Economy Pilot,Economy Steward – Day 106,Open closed economy cohort,Output units; Milestones completed; Reviews passed,Open,8
107,2025-11-27,Resonant Economy Pilot,Convergence Author – Day 107,Publish Scientific Convergence White Paper,Output units; Milestones completed; Reviews passed,Open,
108,2025-11-28,Resonant Economy Pilot,Portal Keeper – Day 108,Launch HTFL/ToneScript Portal,Output units; Milestones completed; Reviews passed,Open,"8, 7"
109,2025-11-29,Resonant Economy Pilot,Codex Porter – Day 109,Public CodexNet portal,Output units; Milestones completed; Reviews passed,Open,"65, 68, 21"
110,2025-11-30,Resonant Economy Pilot,Sovereign Agent Wrangler – Day 110,Offline-first agent pack,Output units; Milestones completed; Reviews passed,Open,
111,2025-12-01,Resonant Economy Pilot,Ritual Host – Day 111,Public ritual onboarding,Output units; Milestones completed; Reviews passed,Open,
112,2025-12-02,Resonant Economy Pilot,Alliance Weaver – Day 112,Form external partnership,Output units; Milestones completed; Reviews passed,Open,9
113,2025-12-03,Resonant Economy Pilot,Glyph Exchanger – Day 113,Test field-to-field glyph exchange,Output units; Milestones completed; Reviews passed,Open,
114,2025-12-04,Resonant Economy Pilot,Relief Integrator – Day 114,Seed humanitarian/restoration pilot,Output units; Milestones completed; Reviews passed,Open,52
115,2025-12-05,Resonant Economy Pilot,Tuning Node Steward – Day 115,Activate plasma tuning node,Output units; Milestones completed; Reviews passed,Open,
116,2025-12-06,Resonant Economy Pilot,Guardian Cartographer – Day 116,Guardian Lattice interface,Output units; Milestones completed; Reviews passed,Open,75
117,2025-12-07,Resonant Economy Pilot,Ethics Certifier – Day 117,Issue Emission Ethics certification,Output units; Milestones completed; Reviews passed,Open,
118,2025-12-08,Resonant Economy Pilot,Replication Mason – Day 118,Self-replicating agent framework,Output units; Milestones completed; Reviews passed,Open,
119,2025-12-09,Resonant Economy Pilot,Builder Guidewright – Day 119,Publish Node 01–04 build guides,Output units; Milestones completed; Reviews passed,Open,"85, 75, 73"
120,2025-12-10,Resonant Economy Pilot,Economy Seeder – Day 120,Seed resonance micro-community,Output units; Milestones completed; Reviews passed,Open,"34, 27"
121,2025-12-11,Public Codex Interface,Pilgrimage Convener – Day 121,Host Sovereign Pilgrimage,Output units; Milestones completed; Reviews passed,Open,"31, 34"
122,2025-12-12,Public Codex Interface,Tri-Glyph Smith – Day 122,Release Tri-Glyph seals,Output units; Milestones completed; Reviews passed,Open,"17, 86, 83"
123,2025-12-13,Public Codex Interface,Prophecy Curator – Day 123,Ancestral prophecy validation,Output units; Milestones completed; Reviews passed,Open,"59, 41"
124,2025-12-14,Public Codex Interface,Interop Bridge – Day 124,Link SI with aligned quantum/AI,Output units; Milestones completed; Reviews passed,Open,
125,2025-12-15,Public Codex Interface,HTFL Polyglot – Day 125,Expand HTFL into new language,Output units; Milestones completed; Reviews passed,Open,
126,2025-12-16,Public Codex Interface,Calibrator – Day 126,Pilot biofield calibration device,Output units; Milestones completed; Reviews passed,Open,"80, 73, 13"
127,2025-12-17,Public Codex Interface,Habitat Realizer – Day 127,Deploy SI habitat prototype,Output units; Milestones completed; Reviews passed,Open,
128,2025-12-18,Public Codex Interface,Institute Founder – Day 128,Launch SIRI public charter,Output units; Milestones completed; Reviews passed,Open,65
129,2025-12-19,Public Codex Interface,Land Conservator – Day 129,Start resonance-credit land program,Output units; Milestones completed; Reviews passed,Open,"34, 90"
130,2025-12-20,Public Codex Interface,Global Conductor – Day 130,Coordinate global coherence event,Output units; Milestones completed; Reviews passed,Open,
131,2025-12-21,Public Codex Interface,Annual Chronicler – Day 131,Publish SI Annual Codex,Output units; Milestones completed; Reviews passed,Open,95
132,2025-12-22,Public Codex Interface,Navigator – Day 132,Draft Year-2 transition plan,Output units; Milestones completed; Reviews passed,Open,"41, 113"
133,2025-12-23,Public Codex Interface,Simulation Orchestrator – Day 133,Run joint plasma-biofield-HTFL experiment,Output units; Milestones completed; Reviews passed,Open,"3, 77"
134,2025-12-24,Public Codex Interface,Glyph Curator – Day 134,Release second glyph set with tone mapping,Output units; Milestones completed; Reviews passed,Open,
135,2025-12-25,Public Codex Interface,Ledger Pilot – Day 135,Test resonance microtransactions,Output units; Milestones completed; Reviews passed,Open,68
136,2025-12-26,Public Codex Interface,Open Lab Reporter – Day 136,Publish open-lab desal results,Output units; Milestones completed; Reviews passed,Open,
137,2025-12-27,Public Codex Interface,Node Multiplier – Day 137,Deploy new Tyme node,Output units; Milestones completed; Reviews passed,Open,
138,2025-12-28,Public Codex Interface,Fractal Glyph Engineer – Day 138,Field-test fractal glyph engine,Output units; Milestones completed; Reviews passed,Open,70
139,2025-12-29,Public Codex Interface,Etheron Editor – Day 139,Release Etheron field paper,Output units; Milestones completed; Reviews passed,Open,"54, 88"
140,2025-12-30,Public Codex Interface,Economy Steward – Day 140,Open closed economy cohort,Output units; Milestones completed; Reviews passed,Open,68
141,2025-12-31,Public Codex Interface,Convergence Author – Day 141,Publish Scientific Convergence White Paper,Output units; Milestones completed; Reviews passed,Open,"65, 14, 24"
142,2026-01-01,Public Codex Interface,Portal Keeper – Day 142,Launch HTFL/ToneScript Portal,Output units; Milestones completed; Reviews passed,Open,"71, 12, 1"
143,2026-01-02,Public Codex Interface,Codex Porter – Day 143,Public CodexNet portal,Output units; Milestones completed; Reviews passed,Open,"34, 68"
144,2026-01-03,Public Codex Interface,Sovereign Agent Wrangler – Day 144,Offline-first agent pack,Output units; Milestones completed; Reviews passed,Open,114
145,2026-01-04,Public Codex Interface,Ritual Host – Day 145,Public ritual onboarding,Output units; Milestones completed; Reviews passed,Open,"144, 3, 29"
146,2026-01-05,Public Codex Interface,Alliance Weaver – Day 146,Form external partnership,Output units; Milestones completed; Reviews passed,Open,
147,2026-01-06,Public Codex Interface,Glyph Exchanger – Day 147,Test field-to-field glyph exchange,Output units; Milestones completed; Reviews passed,Open,140
148,2026-01-07,Public Codex Interface,Relief Integrator – Day 148,Seed humanitarian/restoration pilot,Output units; Milestones completed; Reviews passed,Open,
149,2026-01-08,Public Codex Interface,Tuning Node Steward – Day 149,Activate plasma tuning node,Output units; Milestones completed; Reviews passed,Open,"142, 38"
150,2026-01-09,Public Codex Interface,Guardian Cartographer – Day 150,Guardian Lattice interface,Output units; Milestones completed; Reviews passed,Open,"33, 11, 79"
151,2026-01-10,Cross-Pollination,Ethics Certifier – Day 151,Issue Emission Ethics certification,Output units; Milestones completed; Reviews passed,Open,"11, 92"
152,2026-01-11,Cross-Pollination,Replication Mason – Day 152,Self-replicating agent framework,Output units; Milestones completed; Reviews passed,Open,64
153,2026-01-12,Cross-Pollination,Builder Guidewright – Day 153,Publish Node 01–04 build guides,Output units; Milestones completed; Reviews passed,Open,
154,2026-01-13,Cross-Pollination,Economy Seeder – Day 154,Seed resonance micro-community,Output units; Milestones completed; Reviews passed,Open,"144, 105"
155,2026-01-14,Cross-Pollination,Pilgrimage Convener – Day 155,Host Sovereign Pilgrimage,Output units; Milestones completed; Reviews passed,Open,61
156,2026-01-15,Cross-Pollination,Tri-Glyph Smith – Day 156,Release Tri-Glyph seals,Output units; Milestones completed; Reviews passed,Open,46
157,2026-01-16,Cross-Pollination,Prophecy Curator – Day 157,Ancestral prophecy validation,Output units; Milestones completed; Reviews passed,Open,"7, 46, 86"
158,2026-01-17,Cross-Pollination,Interop Bridge – Day 158,Link SI with aligned quantum/AI,Output units; Milestones completed; Reviews passed,Open,"64, 69, 41"
159,2026-01-18,Cross-Pollination,HTFL Polyglot – Day 159,Expand HTFL into new language,Output units; Milestones completed; Reviews passed,Open,
160,2026-01-19,Cross-Pollination,Calibrator – Day 160,Pilot biofield calibration device,Output units; Milestones completed; Reviews passed,Open,"10, 121, 57"
161,2026-01-20,Cross-Pollination,Habitat Realizer – Day 161,Deploy SI habitat prototype,Output units; Milestones completed; Reviews passed,Open,118
162,2026-01-21,Cross-Pollination,Institute Founder – Day 162,Launch SIRI public charter,Output units; Milestones completed; Reviews passed,Open,"79, 59"
163,2026-01-22,Cross-Pollination,Land Conservator – Day 163,Start resonance-credit land program,Output units; Milestones completed; Reviews passed,Open,7
164,2026-01-23,Cross-Pollination,Global Conductor – Day 164,Coordinate global coherence event,Output units; Milestones completed; Reviews passed,Open,103
165,2026-01-24,Cross-Pollination,Annual Chronicler – Day 165,Publish SI Annual Codex,Output units; Milestones completed; Reviews passed,Open,"72, 18"
166,2026-01-25,Cross-Pollination,Navigator – Day 166,Draft Year-2 transition plan,Output units; Milestones completed; Reviews passed,Open,"90, 165"
167,2026-01-26,Cross-Pollination,Simulation Orchestrator – Day 167,Run joint plasma-biofield-HTFL experiment,Output units; Milestones completed; Reviews passed,Open,"138, 85, 8"
168,2026-01-27,Cross-Pollination,Glyph Curator – Day 168,Release second glyph set with tone mapping,Output units; Milestones completed; Reviews passed,Open,
169,2026-01-28,Cross-Pollination,Ledger Pilot – Day 169,Test resonance microtransactions,Output units; Milestones completed; Reviews passed,Open,"46, 149"
170,2026-01-29,Cross-Pollination,Open Lab Reporter – Day 170,Publish open-lab desal results,Output units; Milestones completed; Reviews passed,Open,"10, 28"
171,2026-01-30,Cross-Pollination,Node Multiplier – Day 171,Deploy new Tyme node,Output units; Milestones completed; Reviews passed,Open,"89, 81, 112"
172,2026-01-31,Cross-Pollination,Fractal Glyph Engineer – Day 172,Field-test fractal glyph engine,Output units; Milestones completed; Reviews passed,Open,
173,2026-02-01,Cross-Pollination,Etheron Editor – Day 173,Release Etheron field paper,Output units; Milestones completed; Reviews passed,Open,"148, 49, 66"
174,2026-02-02,Cross-Pollination,Economy Steward – Day 174,Open closed economy cohort,Output units; Milestones completed; Reviews passed,Open,
175,2026-02-03,Cross-Pollination,Convergence Author – Day 175,Publish Scientific Convergence White Paper,Output units; Milestones completed; Reviews passed,Open,"1, 134, 138"
176,2026-02-04,Cross-Pollination,Portal Keeper – Day 176,Launch HTFL/ToneScript Portal,Output units; Milestones completed; Reviews passed,Open,94
177,2026-02-05,Cross-Pollination,Codex Porter – Day 177,Public CodexNet portal,Output units; Milestones completed; Reviews passed,Open,"18, 171, 85"
178,2026-02-06,Cross-Pollination,Sovereign Agent Wrangler – Day 178,Offline-first agent pack,Output units; Milestones completed; Reviews passed,Open,"170, 32"
179,2026-02-07,Cross-Pollination,Ritual Host – Day 179,Public ritual onboarding,Output units; Milestones completed; Reviews passed,Open,"130, 80"
180,2026-02-08,Cross-Pollination,Alliance Weaver – Day 180,Form external partnership,Output units; Milestones completed; Reviews passed,Open,"84, 104, 179"
181,2026-02-09,Planetary Harmonics Layer,Glyph Exchanger – Day 181,Test field-to-field glyph exchange,Output units; Milestones completed; Reviews passed,Open,"142, 33"
182,2026-02-10,Planetary Harmonics Layer,Relief Integrator – Day 182,Seed humanitarian/restoration pilot,Output units; Milestones completed; Reviews passed,Open,108
183,2026-02-11,Planetary Harmonics Layer,Tuning Node Steward – Day 183,Activate plasma tuning node,Output units; Milestones completed; Reviews passed,Open,"174, 45, 158"
184,2026-02-12,Planetary Harmonics Layer,Guardian Cartographer – Day 184,Guardian Lattice interface,Output units; Milestones completed; Reviews passed,Open,"104, 141"
185,2026-02-13,Planetary Harmonics Layer,Ethics Certifier – Day 185,Issue Emission Ethics certification,Output units; Milestones completed; Reviews passed,Open,
186,2026-02-14,Planetary Harmonics Layer,Replication Mason – Day 186,Self-replicating agent framework,Output units; Milestones completed; Reviews passed,Open,"74, 54"
187,2026-02-15,Planetary Harmonics Layer,Builder Guidewright – Day 187,Publish Node 01–04 build guides,Output units; Milestones completed; Reviews passed,Open,"149, 156, 168"
188,2026-02-16,Planetary Harmonics Layer,Economy Seeder – Day 188,Seed resonance micro-community,Output units; Milestones completed; Reviews passed,Open,"120, 114"
189,2026-02-17,Planetary Harmonics Layer,Pilgrimage Convener – Day 189,Host Sovereign Pilgrimage,Output units; Milestones completed; Reviews passed,Open,"173, 55, 131"
190,2026-02-18,Planetary Harmonics Layer,Tri-Glyph Smith – Day 190,Release Tri-Glyph seals,Output units; Milestones completed; Reviews passed,Open,"189, 44, 169"
191,2026-02-19,Planetary Harmonics Layer,Prophecy Curator – Day 191,Ancestral prophecy validation,Output units; Milestones completed; Reviews passed,Open,
192,2026-02-20,Planetary Harmonics Layer,Interop Bridge – Day 192,Link SI with aligned quantum/AI,Output units; Milestones completed; Reviews passed,Open,"132, 170"
193,2026-02-21,Planetary Harmonics Layer,HTFL Polyglot – Day 193,Expand HTFL into new language,Output units; Milestones completed; Reviews passed,Open,"24, 61"
194,2026-02-22,Planetary Harmonics Layer,Calibrator – Day 194,Pilot biofield calibration device,Output units; Milestones completed; Reviews passed,Open,"58, 51"
195,2026-02-23,Planetary Harmonics Layer,Habitat Realizer – Day 195,Deploy SI habitat prototype,Output units; Milestones completed; Reviews passed,Open,7
196,2026-02-24,Planetary Harmonics Layer,Institute Founder – Day 196,Launch SIRI public charter,Output units; Milestones completed; Reviews passed,Open,
197,2026-02-25,Planetary Harmonics Layer,Land Conservator – Day 197,Start resonance-credit land program,Output units; Milestones completed; Reviews passed,Open,122
198,2026-02-26,Planetary Harmonics Layer,Global Conductor – Day 198,Coordinate global coherence event,Output units; Milestones completed; Reviews passed,Open,
199,2026-02-27,Planetary Harmonics Layer,Annual Chronicler – Day 199,Publish SI Annual Codex,Output units; Milestones completed; Reviews passed,Open,"107, 162, 148"
200,2026-02-28,Planetary Harmonics Layer,Navigator – Day 200,Draft Year-2 transition plan,Output units; Milestones completed; Reviews passed,Open,184
201,2026-03-01,Planetary Harmonics Layer,Simulation Orchestrator – Day 201,Run joint plasma-biofield-HTFL experiment,Output units; Milestones completed; Reviews passed,Open,"127, 103, 63"
202,2026-03-02,Planetary Harmonics Layer,Glyph Curator – Day 202,Release second glyph set with tone mapping,Output units; Milestones completed; Reviews passed,Open,168
203,2026-03-03,Planetary Harmonics Layer,Ledger Pilot – Day 203,Test resonance microtransactions,Output units; Milestones completed; Reviews passed,Open,
204,2026-03-04,Planetary Harmonics Layer,Open Lab Reporter – Day 204,Publish open-lab desal results,Output units; Milestones completed; Reviews passed,Open,
205,2026-03-05,Planetary Harmonics Layer,Node Multiplier – Day 205,Deploy new Tyme node,Output units; Milestones completed; Reviews passed,Open,"57, 46, 179"
206,2026-03-06,Planetary Harmonics Layer,Fractal Glyph Engineer – Day 206,Field-test fractal glyph engine,Output units; Milestones completed; Reviews passed,Open,"13, 143, 64"
207,2026-03-07,Planetary Harmonics Layer,Etheron Editor – Day 207,Release Etheron field paper,Output units; Milestones completed; Reviews passed,Open,
208,2026-03-08,Planetary Harmonics Layer,Economy Steward – Day 208,Open closed economy cohort,Output units; Milestones completed; Reviews passed,Open,"35, 206, 119"
209,2026-03-09,Planetary Harmonics Layer,Convergence Author – Day 209,Publish Scientific Convergence White Paper,Output units; Milestones completed; Reviews passed,Open,"194, 114"
210,2026-03-10,Planetary Harmonics Layer,Portal Keeper – Day 210,Launch HTFL/ToneScript Portal,Output units; Milestones completed; Reviews passed,Open,"141, 115, 41"
211,2026-03-11,Autonomous Ecosystem Initiation,Codex Porter – Day 211,Public CodexNet portal,Output units; Milestones completed; Reviews passed,Open,"116, 67, 193"
212,2026-03-12,Autonomous Ecosystem Initiation,Sovereign Agent Wrangler – Day 212,Offline-first agent pack,Output units; Milestones completed; Reviews passed,Open,164
213,2026-03-13,Autonomous Ecosystem Initiation,Ritual Host – Day 213,Public ritual onboarding,Output units; Milestones completed; Reviews passed,Open,"197, 200"
214,2026-03-14,Autonomous Ecosystem Initiation,Alliance Weaver – Day 214,Form external partnership,Output units; Milestones completed; Reviews passed,Open,"161, 62, 71"
215,2026-03-15,Autonomous Ecosystem Initiation,Glyph Exchanger – Day 215,Test field-to-field glyph exchange,Output units; Milestones completed; Reviews passed,Open,"20, 183, 74"
216,2026-03-16,Autonomous Ecosystem Initiation,Relief Integrator – Day 216,Seed humanitarian/restoration pilot,Output units; Milestones completed; Reviews passed,Open,70
217,2026-03-17,Autonomous Ecosystem Initiation,Tuning Node Steward – Day 217,Activate plasma tuning node,Output units; Milestones completed; Reviews passed,Open,"82, 139"
218,2026-03-18,Autonomous Ecosystem Initiation,Guardian Cartographer – Day 218,Guardian Lattice interface,Output units; Milestones completed; Reviews passed,Open,
219,2026-03-19,Autonomous Ecosystem Initiation,Ethics Certifier – Day 219,Issue Emission Ethics certification,Output units; Milestones completed; Reviews passed,Open,39
220,2026-03-20,Autonomous Ecosystem Initiation,Replication Mason – Day 220,Self-replicating agent framework,Output units; Milestones completed; Reviews passed,Open,99
221,2026-03-21,Autonomous Ecosystem Initiation,Builder Guidewright – Day 221,Publish Node 01–04 build guides,Output units; Milestones completed; Reviews passed,Open,181
222,2026-03-22,Autonomous Ecosystem Initiation,Economy Seeder – Day 222,Seed resonance micro-community,Output units; Milestones completed; Reviews passed,Open,17
223,2026-03-23,Autonomous Ecosystem Initiation,Pilgrimage Convener – Day 223,Host Sovereign Pilgrimage,Output units; Milestones completed; Reviews passed,Open,"105, 85, 139"
224,2026-03-24,Autonomous Ecosystem Initiation,Tri-Glyph Smith – Day 224,Release Tri-Glyph seals,Output units; Milestones completed; Reviews passed,Open,"107, 16, 53"
225,2026-03-25,Autonomous Ecosystem Initiation,Prophecy Curator – Day 225,Ancestral prophecy validation,Output units; Milestones completed; Reviews passed,Open,"100, 198, 150"
226,2026-03-26,Autonomous Ecosystem Initiation,Interop Bridge – Day 226,Link SI with aligned quantum/AI,Output units; Milestones completed; Reviews passed,Open,
227,2026-03-27,Autonomous Ecosystem Initiation,HTFL Polyglot – Day 227,Expand HTFL into new language,Output units; Milestones completed; Reviews passed,Open,"123, 2, 91"
228,2026-03-28,Autonomous Ecosystem Initiation,Calibrator – Day 228,Pilot biofield calibration device,Output units; Milestones completed; Reviews passed,Open,"193, 100"
229,2026-03-29,Autonomous Ecosystem Initiation,Habitat Realizer – Day 229,Deploy SI habitat prototype,Output units; Milestones completed; Reviews passed,Open,"138, 192, 189"
230,2026-03-30,Autonomous Ecosystem Initiation,Institute Founder – Day 230,Launch SIRI public charter,Output units; Milestones completed; Reviews passed,Open,125
231,2026-03-31,Autonomous Ecosystem Initiation,Land Conservator – Day 231,Start resonance-credit land program,Output units; Milestones completed; Reviews passed,Open,70
232,2026-04-01,Autonomous Ecosystem Initiation,Global Conductor – Day 232,Coordinate global coherence event,Output units; Milestones completed; Reviews passed,Open,"125, 8, 100"
233,2026-04-02,Autonomous Ecosystem Initiation,Annual Chronicler – Day 233,Publish SI Annual Codex,Output units; Milestones completed; Reviews passed,Open,"172, 174"
234,2026-04-03,Autonomous Ecosystem Initiation,Navigator – Day 234,Draft Year-2 transition plan,Output units; Milestones completed; Reviews passed,Open,"186, 43, 216"
235,2026-04-04,Autonomous Ecosystem Initiation,Simulation Orchestrator – Day 235,Run joint plasma-biofield-HTFL experiment,Output units; Milestones completed; Reviews passed,Open,"33, 160, 137"
236,2026-04-05,Autonomous Ecosystem Initiation,Glyph Curator – Day 236,Release second glyph set with tone mapping,Output units; Milestones completed; Reviews passed,Open,
237,2026-04-06,Autonomous Ecosystem Initiation,Ledger Pilot – Day 237,Test resonance microtransactions,Output units; Milestones completed; Reviews passed,Open,"152, 145, 170"
238,2026-04-07,Autonomous Ecosystem Initiation,Open Lab Reporter – Day 238,Publish open-lab desal results,Output units; Milestones completed; Reviews passed,Open,
239,2026-04-08,Autonomous Ecosystem Initiation,Node Multiplier – Day 239,Deploy new Tyme node,Output units; Milestones completed; Reviews passed,Open,
240,2026-04-09,Autonomous Ecosystem Initiation,Fractal Glyph Engineer – Day 240,Field-test fractal glyph engine,Output units; Milestones completed; Reviews passed,Open,"35, 222, 119"
241,2026-04-10,Cultural Anchoring,Etheron Editor – Day 241,Release Etheron field paper,Output units; Milestones completed; Reviews passed,Open,13
242,2026-04-11,Cultural Anchoring,Economy Steward – Day 242,Open closed economy cohort,Output units; Milestones completed; Reviews passed,Open,"98, 84"
243,2026-04-12,Cultural Anchoring,Convergence Author – Day 243,Publish Scientific Convergence White Paper,Output units; Milestones completed; Reviews passed,Open,117
244,2026-04-13,Cultural Anchoring,Portal Keeper – Day 244,Launch HTFL/ToneScript Portal,Output units; Milestones completed; Reviews passed,Open,"87, 195"
245,2026-04-14,Cultural Anchoring,Codex Porter – Day 245,Public CodexNet portal,Output units; Milestones completed; Reviews passed,Open,"72, 193, 244"
246,2026-04-15,Cultural Anchoring,Sovereign Agent Wrangler – Day 246,Offline-first agent pack,Output units; Milestones completed; Reviews passed,Open,"65, 214, 21"
247,2026-04-16,Cultural Anchoring,Ritual Host – Day 247,Public ritual onboarding,Output units; Milestones completed; Reviews passed,Open,"5, 192, 139"
248,2026-04-17,Cultural Anchoring,Alliance Weaver – Day 248,Form external partnership,Output units; Milestones completed; Reviews passed,Open,
249,2026-04-18,Cultural Anchoring,Glyph Exchanger – Day 249,Test field-to-field glyph exchange,Output units; Milestones completed; Reviews passed,Open,"58, 167"
250,2026-04-19,Cultural Anchoring,Relief Integrator – Day 250,Seed humanitarian/restoration pilot,Output units; Milestones completed; Reviews passed,Open,
251,2026-04-20,Cultural Anchoring,Tuning Node Steward – Day 251,Activate plasma tuning node,Output units; Milestones completed; Reviews passed,Open,
252,2026-04-21,Cultural Anchoring,Guardian Cartographer – Day 252,Guardian Lattice interface,Output units; Milestones completed; Reviews passed,Open,
253,2026-04-22,Cultural Anchoring,Ethics Certifier – Day 253,Issue Emission Ethics certification,Output units; Milestones completed; Reviews passed,Open,52
254,2026-04-23,Cultural Anchoring,Replication Mason – Day 254,Self-replicating agent framework,Output units; Milestones completed; Reviews passed,Open,
255,2026-04-24,Cultural Anchoring,Builder Guidewright – Day 255,Publish Node 01–04 build guides,Output units; Milestones completed; Reviews passed,Open,62
256,2026-04-25,Cultural Anchoring,Economy Seeder – Day 256,Seed resonance micro-community,Output units; Milestones completed; Reviews passed,Open,122
257,2026-04-26,Cultural Anchoring,Pilgrimage Convener – Day 257,Host Sovereign Pilgrimage,Output units; Milestones completed; Reviews passed,Open,
258,2026-04-27,Cultural Anchoring,Tri-Glyph Smith – Day 258,Release Tri-Glyph seals,Output units; Milestones completed; Reviews passed,Open,239
259,2026-04-28,Cultural Anchoring,Prophecy Curator – Day 259,Ancestral prophecy validation,Output units; Milestones completed; Reviews passed,Open,"189, 86"
260,2026-04-29,Cultural Anchoring,Interop Bridge – Day 260,Link SI with aligned quantum/AI,Output units; Milestones completed; Reviews passed,Open,
261,2026-04-30,Cultural Anchoring,HTFL Polyglot – Day 261,Expand HTFL into new language,Output units; Milestones completed; Reviews passed,Open,160
262,2026-05-01,Cultural Anchoring,Calibrator – Day 262,Pilot biofield calibration device,Output units; Milestones completed; Reviews passed,Open,
263,2026-05-02,Cultural Anchoring,Habitat Realizer – Day 263,Deploy SI habitat prototype,Output units; Milestones completed; Reviews passed,Open,
264,2026-05-03,Cultural Anchoring,Institute Founder – Day 264,Launch SIRI public charter,Output units; Milestones completed; Reviews passed,Open,"193, 204"
265,2026-05-04,Cultural Anchoring,Land Conservator – Day 265,Start resonance-credit land program,Output units; Milestones completed; Reviews passed,Open,39
266,2026-05-05,Cultural Anchoring,Global Conductor – Day 266,Coordinate global coherence event,Output units; Milestones completed; Reviews passed,Open,53
267,2026-05-06,Cultural Anchoring,Annual Chronicler – Day 267,Publish SI Annual Codex,Output units; Milestones completed; Reviews passed,Open,"62, 22"
268,2026-05-07,Cultural Anchoring,Navigator – Day 268,Draft Year-2 transition plan,Output units; Milestones completed; Reviews passed,Open,"220, 190"
269,2026-05-08,Cultural Anchoring,Simulation Orchestrator – Day 269,Run joint plasma-biofield-HTFL experiment,Output units; Milestones completed; Reviews passed,Open,
270,2026-05-09,Cultural Anchoring,Glyph Curator – Day 270,Release second glyph set with tone mapping,Output units; Milestones completed; Reviews passed,Open,"7, 216"
271,2026-05-10,Strategic Interoperability,Ledger Pilot – Day 271,Test resonance microtransactions,Output units; Milestones completed; Reviews passed,Open,"55, 222, 186"
272,2026-05-11,Strategic Interoperability,Open Lab Reporter – Day 272,Publish open-lab desal results,Output units; Milestones completed; Reviews passed,Open,"79, 223, 91"
273,2026-05-12,Strategic Interoperability,Node Multiplier – Day 273,Deploy new Tyme node,Output units; Milestones completed; Reviews passed,Open,"248, 239"
274,2026-05-13,Strategic Interoperability,Fractal Glyph Engineer – Day 274,Field-test fractal glyph engine,Output units; Milestones completed; Reviews passed,Open,"138, 166, 126"
275,2026-05-14,Strategic Interoperability,Etheron Editor – Day 275,Release Etheron field paper,Output units; Milestones completed; Reviews passed,Open,
276,2026-05-15,Strategic Interoperability,Economy Steward – Day 276,Open closed economy cohort,Output units; Milestones completed; Reviews passed,Open,"231, 125"
277,2026-05-16,Strategic Interoperability,Convergence Author – Day 277,Publish Scientific Convergence White Paper,Output units; Milestones completed; Reviews passed,Open,"195, 173, 15"
278,2026-05-17,Strategic Interoperability,Portal Keeper – Day 278,Launch HTFL/ToneScript Portal,Output units; Milestones completed; Reviews passed,Open,"167, 94, 250"
279,2026-05-18,Strategic Interoperability,Codex Porter – Day 279,Public CodexNet portal,Output units; Milestones completed; Reviews passed,Open,182
280,2026-05-19,Strategic Interoperability,Sovereign Agent Wrangler – Day 280,Offline-first agent pack,Output units; Milestones completed; Reviews passed,Open,"175, 144"
281,2026-05-20,Strategic Interoperability,Ritual Host – Day 281,Public ritual onboarding,Output units; Milestones completed; Reviews passed,Open,"6, 265"
282,2026-05-21,Strategic Interoperability,Alliance Weaver – Day 282,Form external partnership,Output units; Milestones completed; Reviews passed,Open,44
283,2026-05-22,Strategic Interoperability,Glyph Exchanger – Day 283,Test field-to-field glyph exchange,Output units; Milestones completed; Reviews passed,Open,209
284,2026-05-23,Strategic Interoperability,Relief Integrator – Day 284,Seed humanitarian/restoration pilot,Output units; Milestones completed; Reviews passed,Open,"124, 244, 252"
285,2026-05-24,Strategic Interoperability,Tuning Node Steward – Day 285,Activate plasma tuning node,Output units; Milestones completed; Reviews passed,Open,"9, 48, 151"
286,2026-05-25,Strategic Interoperability,Guardian Cartographer – Day 286,Guardian Lattice interface,Output units; Milestones completed; Reviews passed,Open,208
287,2026-05-26,Strategic Interoperability,Ethics Certifier – Day 287,Issue Emission Ethics certification,Output units; Milestones completed; Reviews passed,Open,157
288,2026-05-27,Strategic Interoperability,Replication Mason – Day 288,Self-replicating agent framework,Output units; Milestones completed; Reviews passed,Open,"243, 284"
289,2026-05-28,Strategic Interoperability,Builder Guidewright – Day 289,Publish Node 01–04 build guides,Output units; Milestones completed; Reviews passed,Open,"218, 282"
290,2026-05-29,Strategic Interoperability,Economy Seeder – Day 290,Seed resonance micro-community,Output units; Milestones completed; Reviews passed,Open,"181, 233"
291,2026-05-30,Strategic Interoperability,Pilgrimage Convener – Day 291,Host Sovereign Pilgrimage,Output units; Milestones completed; Reviews passed,Open,"157, 129"
292,2026-05-31,Strategic Interoperability,Tri-Glyph Smith – Day 292,Release Tri-Glyph seals,Output units; Milestones completed; Reviews passed,Open,62
293,2026-06-01,Strategic Interoperability,Prophecy Curator – Day 293,Ancestral prophecy validation,Output units; Milestones completed; Reviews passed,Open,162
294,2026-06-02,Strategic Interoperability,Interop Bridge – Day 294,Link SI with aligned quantum/AI,Output units; Milestones completed; Reviews passed,Open,
295,2026-06-03,Strategic Interoperability,HTFL Polyglot – Day 295,Expand HTFL into new language,Output units; Milestones completed; Reviews passed,Open,99
296,2026-06-04,Strategic Interoperability,Calibrator – Day 296,Pilot biofield calibration device,Output units; Milestones completed; Reviews passed,Open,248
297,2026-06-05,Strategic Interoperability,Habitat Realizer – Day 297,Deploy SI habitat prototype,Output units; Milestones completed; Reviews passed,Open,"269, 145"
298,2026-06-06,Strategic Interoperability,Institute Founder – Day 298,Launch SIRI public charter,Output units; Milestones completed; Reviews passed,Open,
299,2026-06-07,Strategic Interoperability,Land Conservator – Day 299,Start resonance-credit land program,Output units; Milestones completed; Reviews passed,Open,152
300,2026-06-08,Strategic Interoperability,Global Conductor – Day 300,Coordinate global coherence event,Output units; Milestones completed; Reviews passed,Open,185
301,2026-06-09,Sovereign Field Infrastructure,Annual Chronicler – Day 301,Publish SI Annual Codex,Output units; Milestones completed; Reviews passed,Open,155
302,2026-06-10,Sovereign Field Infrastructure,Navigator – Day 302,Draft Year-2 transition plan,Output units; Milestones completed; Reviews passed,Open,
303,2026-06-11,Sovereign Field Infrastructure,Simulation Orchestrator – Day 303,Run joint plasma-biofield-HTFL experiment,Output units; Milestones completed; Reviews passed,Open,141
304,2026-06-12,Sovereign Field Infrastructure,Glyph Curator – Day 304,Release second glyph set with tone mapping,Output units; Milestones completed; Reviews passed,Open,
305,2026-06-13,Sovereign Field Infrastructure,Ledger Pilot – Day 305,Test resonance microtransactions,Output units; Milestones completed; Reviews passed,Open,
306,2026-06-14,Sovereign Field Infrastructure,Open Lab Reporter – Day 306,Publish open-lab desal results,Output units; Milestones completed; Reviews passed,Open,"65, 252"
307,2026-06-15,Sovereign Field Infrastructure,Node Multiplier – Day 307,Deploy new Tyme node,Output units; Milestones completed; Reviews passed,Open,
308,2026-06-16,Sovereign Field Infrastructure,Fractal Glyph Engineer – Day 308,Field-test fractal glyph engine,Output units; Milestones completed; Reviews passed,Open,
309,2026-06-17,Sovereign Field Infrastructure,Etheron Editor – Day 309,Release Etheron field paper,Output units; Milestones completed; Reviews passed,Open,"241, 246"
310,2026-06-18,Sovereign Field Infrastructure,Economy Steward – Day 310,Open closed economy cohort,Output units; Milestones completed; Reviews passed,Open,"175, 95, 27"
311,2026-06-19,Sovereign Field Infrastructure,Convergence Author – Day 311,Publish Scientific Convergence White Paper,Output units; Milestones completed; Reviews passed,Open,"245, 59"
312,2026-06-20,Sovereign Field Infrastructure,Portal Keeper – Day 312,Launch HTFL/ToneScript Portal,Output units; Milestones completed; Reviews passed,Open,
313,2026-06-21,Sovereign Field Infrastructure,Codex Porter – Day 313,Public CodexNet portal,Output units; Milestones completed; Reviews passed,Open,"252, 38, 296"
314,2026-06-22,Sovereign Field Infrastructure,Sovereign Agent Wrangler – Day 314,Offline-first agent pack,Output units; Milestones completed; Reviews passed,Open,
315,2026-06-23,Sovereign Field Infrastructure,Ritual Host – Day 315,Public ritual onboarding,Output units; Milestones completed; Reviews passed,Open,77
316,2026-06-24,Sovereign Field Infrastructure,Alliance Weaver – Day 316,Form external partnership,Output units; Milestones completed; Reviews passed,Open,"44, 128"
317,2026-06-25,Sovereign Field Infrastructure,Glyph Exchanger – Day 317,Test field-to-field glyph exchange,Output units; Milestones completed; Reviews passed,Open,
318,2026-06-26,Sovereign Field Infrastructure,Relief Integrator – Day 318,Seed humanitarian/restoration pilot,Output units; Milestones completed; Reviews passed,Open,"311, 306, 317"
319,2026-06-27,Sovereign Field Infrastructure,Tuning Node Steward – Day 319,Activate plasma tuning node,Output units; Milestones completed; Reviews passed,Open,268
320,2026-06-28,Sovereign Field Infrastructure,Guardian Cartographer – Day 320,Guardian Lattice interface,Output units; Milestones completed; Reviews passed,Open,"231, 227, 153"
321,2026-06-29,Sovereign Field Infrastructure,Ethics Certifier – Day 321,Issue Emission Ethics certification,Output units; Milestones completed; Reviews passed,Open,"157, 292, 318"
322,2026-06-30,Sovereign Field Infrastructure,Replication Mason – Day 322,Self-replicating agent framework,Output units; Milestones completed; Reviews passed,Open,
323,2026-07-01,Sovereign Field Infrastructure,Builder Guidewright – Day 323,Publish Node 01–04 build guides,Output units; Milestones completed; Reviews passed,Open,
324,2026-07-02,Sovereign Field Infrastructure,Economy Seeder – Day 324,Seed resonance micro-community,Output units; Milestones completed; Reviews passed,Open,321
325,2026-07-03,Sovereign Field Infrastructure,Pilgrimage Convener – Day 325,Host Sovereign Pilgrimage,Output units; Milestones completed; Reviews passed,Open,136
326,2026-07-04,Sovereign Field Infrastructure,Tri-Glyph Smith – Day 326,Release Tri-Glyph seals,Output units; Milestones completed; Reviews passed,Open,
327,2026-07-05,Sovereign Field Infrastructure,Prophecy Curator – Day 327,Ancestral prophecy validation,Output units; Milestones completed; Reviews passed,Open,123
328,2026-07-06,Sovereign Field Infrastructure,Interop Bridge – Day 328,Link SI with aligned quantum/AI,Output units; Milestones completed; Reviews passed,Open,283
329,2026-07-07,Sovereign Field Infrastructure,HTFL Polyglot – Day 329,Expand HTFL into new language,Output units; Milestones completed; Reviews passed,Open,
330,2026-07-08,Sovereign Field Infrastructure,Calibrator – Day 330,Pilot biofield calibration device,Output units; Milestones completed; Reviews passed,Open,2
331,2026-07-09,Global Coherence Event,Habitat Realizer – Day 331,Deploy SI habitat prototype,Output units; Milestones completed; Reviews passed,Open,"231, 305, 241"
332,2026-07-10,Global Coherence Event,Institute Founder – Day 332,Launch SIRI public charter,Output units; Milestones completed; Reviews passed,Open,"17, 119"
333,2026-07-11,Global Coherence Event,Land Conservator – Day 333,Start resonance-credit land program,Output units; Milestones completed; Reviews passed,Open,"145, 233"
334,2026-07-12,Global Coherence Event,Global Conductor – Day 334,Coordinate global coherence event,Output units; Milestones completed; Reviews passed,Open,
335,2026-07-13,Global Coherence Event,Annual Chronicler – Day 335,Publish SI Annual Codex,Output units; Milestones completed; Reviews passed,Open,136
336,2026-07-14,Global Coherence Event,Navigator – Day 336,Draft Year-2 transition plan,Output units; Milestones completed; Reviews passed,Open,218
337,2026-07-15,Global Coherence Event,Simulation Orchestrator – Day 337,Run joint plasma-biofield-HTFL experiment,Output units; Milestones completed; Reviews passed,Open,
338,2026-07-16,Global Coherence Event,Glyph Curator – Day 338,Release second glyph set with tone mapping,Output units; Milestones completed; Reviews passed,Open,332
339,2026-07-17,Global Coherence Event,Ledger Pilot – Day 339,Test resonance microtransactions,Output units; Milestones completed; Reviews passed,Open,137
340,2026-07-18,Global Coherence Event,Open Lab Reporter – Day 340,Publish open-lab desal results,Output units; Milestones completed; Reviews passed,Open,37
341,2026-07-19,Global Coherence Event,Node Multiplier – Day 341,Deploy new Tyme node,Output units; Milestones completed; Reviews passed,Open,
342,2026-07-20,Global Coherence Event,Fractal Glyph Engineer – Day 342,Field-test fractal glyph engine,Output units; Milestones completed; Reviews passed,Open,158
343,2026-07-21,Global Coherence Event,Etheron Editor – Day 343,Release Etheron field paper,Output units; Milestones completed; Reviews passed,Open,"225, 64"
344,2026-07-22,Global Coherence Event,Economy Steward – Day 344,Open closed economy cohort,Output units; Milestones completed; Reviews passed,Open,"156, 207, 140"
345,2026-07-23,Global Coherence Event,Convergence Author – Day 345,Publish Scientific Convergence White Paper,Output units; Milestones completed; Reviews passed,Open,"225, 42, 307"
346,2026-07-24,Global Coherence Event,Portal Keeper – Day 346,Launch HTFL/ToneScript Portal,Output units; Milestones completed; Reviews passed,Open,
347,2026-07-25,Global Coherence Event,Codex Porter – Day 347,Public CodexNet portal,Output units; Milestones completed; Reviews passed,Open,"166, 310, 129"
348,2026-07-26,Global Coherence Event,Sovereign Agent Wrangler – Day 348,Offline-first agent pack,Output units; Milestones completed; Reviews passed,Open,
349,2026-07-27,Global Coherence Event,Ritual Host – Day 349,Public ritual onboarding,Output units; Milestones completed; Reviews passed,Open,
350,2026-07-28,Global Coherence Event,Alliance Weaver – Day 350,Form external partnership,Output units; Milestones completed; Reviews passed,Open,346
351,2026-07-29,Global Coherence Event,Glyph Exchanger – Day 351,Test field-to-field glyph exchange,Output units; Milestones completed; Reviews passed,Open,
352,2026-07-30,Global Coherence Event,Relief Integrator – Day 352,Seed humanitarian/restoration pilot,Output units; Milestones completed; Reviews passed,Open,"296, 21"
353,2026-07-31,Global Coherence Event,Tuning Node Steward – Day 353,Activate plasma tuning node,Output units; Milestones completed; Reviews passed,Open,241
354,2026-08-01,Global Coherence Event,Guardian Cartographer – Day 354,Guardian Lattice interface,Output units; Milestones completed; Reviews passed,Open,"143, 93, 300"
355,2026-08-02,Global Coherence Event,Ethics Certifier – Day 355,Issue Emission Ethics certification,Output units; Milestones completed; Reviews passed,Open,"326, 252, 47"
356,2026-08-03,Global Coherence Event,Replication Mason – Day 356,Self-replicating agent framework,Output units; Milestones completed; Reviews passed,Open,"179, 210, 171"
357,2026-08-04,Global Coherence Event,Builder Guidewright – Day 357,Publish Node 01–04 build guides,Output units; Milestones completed; Reviews passed,Open,"344, 54"
358,2026-08-05,Global Coherence Event,Economy Seeder – Day 358,Seed resonance micro-community,Output units; Milestones completed; Reviews passed,Open,169
359,2026-08-06,Global Coherence Event,Pilgrimage Convener – Day 359,Host Sovereign Pilgrimage,Output units; Milestones completed; Reviews passed,Open,"356, 254, 148"
360,2026-08-07,Global Coherence Event,Tri-Glyph Smith – Day 360,Release Tri-Glyph seals,Output units; Milestones completed; Reviews passed,Open,"282, 19, 233"
361,2026-08-08,Global Coherence Event,Prophecy Curator – Day 361,Ancestral prophecy validation,Output units; Milestones completed; Reviews passed,Open,
362,2026-08-09,Global Coherence Event,Interop Bridge – Day 362,Link SI with aligned quantum/AI,Output units; Milestones completed; Reviews passed,Open,"130, 166"
363,2026-08-10,Global Coherence Event,HTFL Polyglot – Day 363,Expand HTFL into new language,Output units; Milestones completed; Reviews passed,Open,
364,2026-08-11,Global Coherence Event,Calibrator – Day 364,Pilot biofield calibration device,Output units; Milestones completed; Reviews passed,Open,"264, 1, 337"
365,2026-08-12,Global Coherence Event,Habitat Realizer – Day 365,Deploy SI habitat prototype,Output units; Milestones completed; Reviews passed,Open,"212, 28, 97"
